timestamp,cow_id,latitude,longitude
2024-07-12T20:56:42.937081,0,47.00053649680456,8.001892884680444
2024-07-12T20:56:42.937081,0,47.00053436557166,8.001867081388692
2024-07-12T20:56:42.937081,0,47.00054566290983,8.001880321419947
2024-07-12T20:56:42.937081,0,47.0005565493075,8.001922800716725
2024-07-12T20:56:42.937081,0,47.00056690344899,8.001943718971114
2024-07-12T20:56:42.937081,0,47.00058285772016,8.001975283875597
2024-07-12T20:56:42.937081,0,47.000592059910524,8.00198103512285
2024-07-12T20:56:42.937081,0,47.00059260652029,8.001959262167851
2024-07-12T20:56:42.937081,0,47.00057867079803,8.001975169119921
2024-07-12T20:56:42.937081,0,47.00056794391652,8.00199623921681
2024-07-12T20:56:42.937081,0,47.00058810998408,8.002012690705032
2024-07-12T20:56:42.937081,0,47.00058395041422,8.00199777966428
2024-07-12T20:56:42.937081,0,47.000598749301695,8.001997285674626
2024-07-12T20:56:42.937081,0,47.00059799551404,8.001972251521423
2024-07-12T20:56:42.937081,0,47.00059756258569,8.002005045394489
2024-07-12T20:56:42.937081,0,47.00060254534157,8.002038957183727
2024-07-12T20:56:42.937081,0,47.000606069677715,8.002009527542537
2024-07-12T20:56:42.937081,0,47.0006151317019,8.002000970550094
2024-07-12T20:56:42.937081,0,47.00061864268898,8.002000947947769
2024-07-12T20:56:42.937081,0,47.00061190503464,8.002004385789304
2024-07-12T20:56:42.937081,0,47.00062437300715,8.001995887531919
2024-07-12T20:56:42.937081,0,47.00061870239728,8.001979961837213
2024-07-12T20:56:42.937081,0,47.00063004283038,8.001989442254798
2024-07-12T20:56:42.937081,0,47.00064690157302,8.001993555146607
2024-07-12T20:56:42.937081,0,47.000665924031765,8.001996100287556
2024-07-12T20:56:42.937081,0,47.00068201997496,8.002009874092222
2024-07-12T20:56:42.937081,0,47.00072130288108,8.00202747171098
2024-07-12T20:56:42.937081,0,47.00073388219337,8.002007622851297
2024-07-12T20:56:42.937081,0,47.000747486267706,8.00202487039707
2024-07-12T20:56:42.937081,0,47.00076742708265,8.002041164843359
2024-07-12T20:56:42.937081,0,47.00078110731302,8.002013789159621
2024-07-12T20:56:42.937081,0,47.00079189719044,8.0019822726297
2024-07-12T20:56:42.937081,0,47.00081451288757,8.001949664967768
2024-07-12T20:56:42.937081,0,47.000823246258925,8.001948287968645
2024-07-12T20:56:42.937081,0,47.000840441938536,8.001965105230518
2024-07-12T20:56:42.937081,0,47.000841083731125,8.001977459680287
2024-07-12T20:56:42.937081,0,47.00086434778428,8.00199333023723
2024-07-12T20:56:42.937081,0,47.000896448285346,8.001989008238112
2024-07-12T20:56:42.937081,0,47.00090399008006,8.001960567155447
2024-07-12T20:56:42.937081,0,47.000891761462526,8.00194869556074
2024-07-12T20:56:42.937081,0,47.00091219294176,8.00195525535306
2024-07-12T20:56:42.937081,0,47.000909320835305,8.001972534781927
2024-07-12T20:56:42.937081,0,47.00092436926337,8.001969330930196
2024-07-12T20:56:42.937081,0,47.00092179673,8.00196364191632
2024-07-12T20:56:42.937081,0,47.000922502009914,8.001950701791833
2024-07-12T20:56:42.937081,0,47.00089301958152,8.001932884674975
2024-07-12T20:56:42.937081,0,47.00091555180656,8.001916479754547
2024-07-12T20:56:42.937081,0,47.00091033057641,8.001886716973392
2024-07-12T20:56:42.937081,0,47.00092371632725,8.001887690895755
2024-07-12T20:56:42.937081,0,47.00094834161607,8.001895548601173
2024-07-12T20:56:42.937081,0,47.00096630876226,8.00190353589407
2024-07-12T20:56:42.937081,0,47.000963363540954,8.001920988092733
2024-07-12T20:56:42.937081,0,47.0009343264607,8.001907038456215
2024-07-12T20:56:42.937081,0,47.00095135419747,8.001892113173756
2024-07-12T20:56:42.937081,0,47.00095088564214,8.001897826867884
2024-07-12T20:56:42.937081,0,47.00094781048852,8.001897980482415
2024-07-12T20:56:42.937081,0,47.00096395547099,8.001908754072288
2024-07-12T20:56:42.937081,0,47.00096101274006,8.001945906217543
2024-07-12T20:56:42.937081,0,47.00094631396402,8.001939302744477
2024-07-12T20:56:42.937081,0,47.00094937409809,8.001944870262275
2024-07-12T20:56:42.937081,1,47.00139333178625,8.002233634978486
2024-07-12T20:56:42.937081,1,47.00139787456847,8.002213561619277
2024-07-12T20:56:42.937081,1,47.00141108805684,8.002222063535667
2024-07-12T20:56:42.937081,1,47.001424175022244,8.002227825591897
2024-07-12T20:56:42.937081,1,47.001420518021966,8.002207900926727
2024-07-12T20:56:42.937081,1,47.0014123919028,8.002197122300469
2024-07-12T20:56:42.937081,1,47.001435924358525,8.002184502432515
2024-07-12T20:56:42.937081,1,47.00143264629806,8.002165101241454
2024-07-12T20:56:42.937081,1,47.00146044589214,8.002174430295636
2024-07-12T20:56:42.937081,1,47.00147191500698,8.002168325892821
2024-07-12T20:56:42.937081,1,47.00146817078287,8.002141537294236
2024-07-12T20:56:42.937081,1,47.00146244522506,8.002148302245534
2024-07-12T20:56:42.937081,1,47.00147273144782,8.002176537297695
2024-07-12T20:56:42.937081,1,47.00146286530861,8.00215756628057
2024-07-12T20:56:42.937081,1,47.001471936849136,8.002165821444878
2024-07-12T20:56:42.937081,1,47.00148132476198,8.00219154126563
2024-07-12T20:56:42.937081,1,47.00150342969277,8.002170980385753
2024-07-12T20:56:42.937081,1,47.001504930513114,8.0021880253191
2024-07-12T20:56:42.937081,1,47.00150245382875,8.002204274941436
2024-07-12T20:56:42.937081,1,47.001519144036614,8.002225137883093
2024-07-12T20:56:42.937081,1,47.00149989979284,8.002230171387387
2024-07-12T20:56:42.937081,1,47.0015481141502,8.002247691422069
2024-07-12T20:56:42.937081,1,47.00156854837647,8.002261785700837
2024-07-12T20:56:42.937081,1,47.001584490323864,8.002269980490942
2024-07-12T20:56:42.937081,1,47.001602854329974,8.00232060553207
2024-07-12T20:56:42.937081,1,47.001607693900716,8.002319524488875
2024-07-12T20:56:42.937081,1,47.001601986020574,8.002345191274573
2024-07-12T20:56:42.937081,1,47.00159205140059,8.002367664554324
2024-07-12T20:56:42.937081,1,47.00158812495238,8.002366669828096
2024-07-12T20:56:42.937081,1,47.001596503131424,8.002367702059585
2024-07-12T20:56:42.937081,1,47.001614997465985,8.002348631166116
2024-07-12T20:56:42.937081,1,47.001613070886336,8.002347509156985
2024-07-12T20:56:42.937081,1,47.0016031119389,8.00235097146783
2024-07-12T20:56:42.937081,1,47.00161323738835,8.002342014005189
2024-07-12T20:56:42.937081,1,47.0016267040126,8.002365138207901
2024-07-12T20:56:42.937081,1,47.001614528854816,8.002363742203087
2024-07-12T20:56:42.937081,1,47.00162756668377,8.002378492084421
2024-07-12T20:56:42.937081,1,47.001610117351724,8.0023910904247
2024-07-12T20:56:42.937081,1,47.00161972422593,8.002433323036433
2024-07-12T20:56:42.937081,1,47.001620051641126,8.002465870022995
2024-07-12T20:56:42.937081,1,47.0016214037237,8.002481624310331
2024-07-12T20:56:42.937081,1,47.001619285266585,8.002516815136026
2024-07-12T20:56:42.937081,1,47.00161997314693,8.00251362012195
2024-07-12T20:56:42.937081,1,47.001589026870256,8.002514916697677
2024-07-12T20:56:42.937081,1,47.00156446460313,8.002515315261213
2024-07-12T20:56:42.937081,1,47.001562282847544,8.002479053506736
2024-07-12T20:56:42.937081,1,47.00156194049804,8.002476573468437
2024-07-12T20:56:42.937081,1,47.0015549623381,8.00245158883703
2024-07-12T20:56:42.937081,1,47.00157440881923,8.00246985535524
2024-07-12T20:56:42.937081,1,47.00156129534243,8.002475380551726
2024-07-12T20:56:42.937081,1,47.00156406059798,8.002484891269619
2024-07-12T20:56:42.937081,1,47.00154738832886,8.002459058123105
2024-07-12T20:56:42.937081,1,47.00156180651542,8.002481086055353
2024-07-12T20:56:42.937081,1,47.00157096779335,8.002523745624465
2024-07-12T20:56:42.937081,1,47.001557612774164,8.00253189668025
2024-07-12T20:56:42.937081,1,47.00156879513254,8.002533703786186
2024-07-12T20:56:42.937081,1,47.00155607553637,8.002523617047947
2024-07-12T20:56:42.937081,1,47.00157594503059,8.002510774749547
2024-07-12T20:56:42.937081,1,47.00158524113262,8.00254117095028
2024-07-12T20:56:42.937081,1,47.001594338982194,8.002554750569795
2024-07-12T20:56:42.937081,2,47.00006619683495,8.004838040257736
2024-07-12T20:56:42.937081,2,47.00004468294154,8.004847758242887
2024-07-12T20:56:42.937081,2,47.0000738785095,8.004837692448541
2024-07-12T20:56:42.937081,2,47.00008471034724,8.004843775026178
2024-07-12T20:56:42.937081,2,47.000091679667555,8.004866646903599
2024-07-12T20:56:42.937081,2,47.000097249849475,8.004858154986524
2024-07-12T20:56:42.937081,2,47.000124883838986,8.004872320615958
2024-07-12T20:56:42.937081,2,47.00013851930137,8.004842224348694
2024-07-12T20:56:42.937081,2,47.00015861983494,8.004839869209002
2024-07-12T20:56:42.937081,2,47.00017122053634,8.004832218108394
2024-07-12T20:56:42.937081,2,47.000192631961745,8.00481349005732
2024-07-12T20:56:42.937081,2,47.00016650467278,8.004827782334733
2024-07-12T20:56:42.937081,2,47.000164528636,8.00484532733219
2024-07-12T20:56:42.937081,2,47.00016964808517,8.00484454285442
2024-07-12T20:56:42.937081,2,47.000188792117775,8.004876118380235
2024-07-12T20:56:42.937081,2,47.00020523754394,8.004859990976826
2024-07-12T20:56:42.937081,2,47.00019607636161,8.004874707474768
2024-07-12T20:56:42.937081,2,47.000194848569954,8.004908633924648
2024-07-12T20:56:42.937081,2,47.00017953790868,8.004899827737779
2024-07-12T20:56:42.937081,2,47.00019387312743,8.00489137157169
2024-07-12T20:56:42.937081,2,47.00023014166068,8.004889491772927
2024-07-12T20:56:42.937081,2,47.00021495915968,8.004919640611613
2024-07-12T20:56:42.937081,2,47.00021154710019,8.004906601051067
2024-07-12T20:56:42.937081,2,47.000196576573245,8.004926993735463
2024-07-12T20:56:42.937081,2,47.000190805049776,8.00493749645259
2024-07-12T20:56:42.937081,2,47.00020583298538,8.004950684676553
2024-07-12T20:56:42.937081,2,47.00020933323958,8.004956010421221
2024-07-12T20:56:42.937081,2,47.000219766885486,8.004997710799561
2024-07-12T20:56:42.937081,2,47.00022525425268,8.004976355067617
2024-07-12T20:56:42.937081,2,47.00024034305029,8.004984459660994
2024-07-12T20:56:42.937081,2,47.000259501471,8.004990318190131
2024-07-12T20:56:42.937081,2,47.000263685250395,8.004984896392902
2024-07-12T20:56:42.937081,2,47.000260054402546,8.004986585479875
2024-07-12T20:56:42.937081,2,47.00027874952521,8.005000844657488
2024-07-12T20:56:42.937081,2,47.000272432917946,8.004977944459409
2024-07-12T20:56:42.937081,2,47.000289985690806,8.00499237777451
2024-07-12T20:56:42.937081,2,47.00027482153532,8.005027663201986
2024-07-12T20:56:42.937081,2,47.00026946523075,8.005028172220285
2024-07-12T20:56:42.937081,2,47.000278393623006,8.005030153261014
2024-07-12T20:56:42.937081,2,47.000283252848824,8.00504715208628
2024-07-12T20:56:42.937081,2,47.000282196114405,8.005035464261036
2024-07-12T20:56:42.937081,2,47.0002862728066,8.005040730855438
2024-07-12T20:56:42.937081,2,47.000284245371546,8.005062193262996
2024-07-12T20:56:42.937081,2,47.000287563415355,8.005039733697107
2024-07-12T20:56:42.937081,2,47.0002988124019,8.005038304761143
2024-07-12T20:56:42.937081,2,47.00030343927162,8.005074261686206
2024-07-12T20:56:42.937081,2,47.00031754864704,8.005085879401424
2024-07-12T20:56:42.937081,2,47.000324539820895,8.005064372240735
2024-07-12T20:56:42.937081,2,47.00033550832658,8.005082770458204
2024-07-12T20:56:42.937081,2,47.00033407732263,8.005079790732804
2024-07-12T20:56:42.937081,2,47.00036410410222,8.005081383942674
2024-07-12T20:56:42.937081,2,47.00037952986436,8.00505919535324
2024-07-12T20:56:42.937081,2,47.00037420958011,8.005049664080897
2024-07-12T20:56:42.937081,2,47.00036281321264,8.005032087991104
2024-07-12T20:56:42.937081,2,47.00037601357995,8.005035323566666
2024-07-12T20:56:42.937081,2,47.00038044403113,8.005028928913188
2024-07-12T20:56:42.937081,2,47.0003820471473,8.005036499973214
2024-07-12T20:56:42.937081,2,47.000381507036494,8.005028007770663
2024-07-12T20:56:42.937081,2,47.00037634070738,8.00504686003034
2024-07-12T20:56:42.937081,2,47.00040665568335,8.005017787306354
2024-07-12T20:56:42.937081,3,47.001469806816466,8.00175810347602
2024-07-12T20:56:42.937081,3,47.00147865441632,8.001741975163332
2024-07-12T20:56:42.937081,3,47.00148967021995,8.001739222733873
2024-07-12T20:56:42.937081,3,47.00149612022922,8.001732902982035
2024-07-12T20:56:42.937081,3,47.00152072288722,8.001760544778104
2024-07-12T20:56:42.937081,3,47.00149453052698,8.0017892459023
2024-07-12T20:56:42.937081,3,47.001477962555725,8.001774592101036
2024-07-12T20:56:42.937081,3,47.00146816026219,8.001771269691956
2024-07-12T20:56:42.937081,3,47.00147417143313,8.001770679205872
2024-07-12T20:56:42.937081,3,47.00147228619437,8.001786291762443
2024-07-12T20:56:42.937081,3,47.001483890045925,8.001806769205109
2024-07-12T20:56:42.937081,3,47.00151645812433,8.001870235005551
2024-07-12T20:56:42.937081,3,47.001506555864914,8.001879269439781
2024-07-12T20:56:42.937081,3,47.00149068499311,8.001895481306656
2024-07-12T20:56:42.937081,3,47.00148134108268,8.001901166619527
2024-07-12T20:56:42.937081,3,47.00151582688809,8.001888626229134
2024-07-12T20:56:42.937081,3,47.00151076315331,8.00189260918431
2024-07-12T20:56:42.937081,3,47.00150733292956,8.001869752504845
2024-07-12T20:56:42.937081,3,47.001511621855016,8.001874439699538
2024-07-12T20:56:42.937081,3,47.00154378257287,8.001857360650792
2024-07-12T20:56:42.937081,3,47.00154413361069,8.001827011891114
2024-07-12T20:56:42.937081,3,47.00158402832662,8.00181561548655
2024-07-12T20:56:42.937081,3,47.001586315416205,8.001839210615111
2024-07-12T20:56:42.937081,3,47.00162228072048,8.001838166924653
2024-07-12T20:56:42.937081,3,47.00160414210031,8.00183060766021
2024-07-12T20:56:42.937081,3,47.00161325110701,8.001832002468374
2024-07-12T20:56:42.937081,3,47.001603489456784,8.00180584962513
2024-07-12T20:56:42.937081,3,47.00162207269774,8.00178501160463
2024-07-12T20:56:42.937081,3,47.00161182534242,8.001778180042265
2024-07-12T20:56:42.937081,3,47.00162605600893,8.001806226776214
2024-07-12T20:56:42.937081,3,47.00163549357879,8.001825479069739
2024-07-12T20:56:42.937081,3,47.00163558717352,8.001830333167499
2024-07-12T20:56:42.937081,3,47.001631131835,8.00184132085492
2024-07-12T20:56:42.937081,3,47.00167101289709,8.001855680367093
2024-07-12T20:56:42.937081,3,47.001654876982,8.001868667101494
2024-07-12T20:56:42.937081,3,47.00165838320574,8.001891429573366
2024-07-12T20:56:42.937081,3,47.00166120106958,8.001889348652593
2024-07-12T20:56:42.937081,3,47.00167704812659,8.001860337035405
2024-07-12T20:56:42.937081,3,47.001683110386715,8.001863380653136
2024-07-12T20:56:42.937081,3,47.00170662988444,8.00187663349284
2024-07-12T20:56:42.937081,3,47.00171560750823,8.001877911982954
2024-07-12T20:56:42.937081,3,47.00170347554425,8.001844460276066
2024-07-12T20:56:42.937081,3,47.001699500534755,8.001850384686199
2024-07-12T20:56:42.937081,3,47.0016933389929,8.001852183682207
2024-07-12T20:56:42.937081,3,47.00169428365902,8.001863883531097
2024-07-12T20:56:42.937081,3,47.00171454336382,8.0018656574028
2024-07-12T20:56:42.937081,3,47.00174096134525,8.001911607113895
2024-07-12T20:56:42.937081,3,47.00175256995,8.001920053730505
2024-07-12T20:56:42.937081,3,47.00173643393267,8.001915393012021
2024-07-12T20:56:42.937081,3,47.0017147382327,8.001928627856389
2024-07-12T20:56:42.937081,3,47.00170884739368,8.001931939736224
2024-07-12T20:56:42.937081,3,47.00170571983073,8.001913512162792
2024-07-12T20:56:42.937081,3,47.00170680144882,8.001920009178637
2024-07-12T20:56:42.937081,3,47.00170765063672,8.00193904174329
2024-07-12T20:56:42.937081,3,47.00172835105576,8.001962101437584
2024-07-12T20:56:42.937081,3,47.00173353942296,8.001975855570562
2024-07-12T20:56:42.937081,3,47.001742463726245,8.001990865787397
2024-07-12T20:56:42.937081,3,47.00175557832938,8.001952813086344
2024-07-12T20:56:42.937081,3,47.00175850007978,8.001964577422646
2024-07-12T20:56:42.937081,3,47.00175178614813,8.001971316733423
2024-07-12T20:56:42.937081,4,47.0006306347812,8.004829881433276
2024-07-12T20:56:42.937081,4,47.000638794335536,8.004797763648579
2024-07-12T20:56:42.937081,4,47.00064516463065,8.004803645623365
2024-07-12T20:56:42.937081,4,47.000664155718134,8.004805609015467
2024-07-12T20:56:42.937081,4,47.00068905030179,8.004803166193218
2024-07-12T20:56:42.937081,4,47.000681955928385,8.004778799049896
2024-07-12T20:56:42.937081,4,47.00067470044348,8.004799172914224
2024-07-12T20:56:42.937081,4,47.00066209993649,8.004816851745698
2024-07-12T20:56:42.937081,4,47.00066777965716,8.004845050770264
2024-07-12T20:56:42.937081,4,47.00068850795052,8.004879126564028
2024-07-12T20:56:42.937081,4,47.00068464517213,8.004904873356706
2024-07-12T20:56:42.937081,4,47.0006748136458,8.004927732292517
2024-07-12T20:56:42.937081,4,47.000680479276944,8.004918393704417
2024-07-12T20:56:42.937081,4,47.000685888287535,8.004932658747169
2024-07-12T20:56:42.937081,4,47.000690256856934,8.004913978838998
2024-07-12T20:56:42.937081,4,47.00069794605961,8.004926284841735
2024-07-12T20:56:42.937081,4,47.00069660271031,8.004958821933561
2024-07-12T20:56:42.937081,4,47.000705703831116,8.004929223812965
2024-07-12T20:56:42.937081,4,47.000709160821565,8.00490496953877
2024-07-12T20:56:42.937081,4,47.00072319196204,8.004858707595425
2024-07-12T20:56:42.937081,4,47.00072256389421,8.004848349231871
2024-07-12T20:56:42.937081,4,47.000754018962304,8.004866634615972
2024-07-12T20:56:42.937081,4,47.000784744839365,8.00486552598488
2024-07-12T20:56:42.937081,4,47.000792040496776,8.004868267694858
2024-07-12T20:56:42.937081,4,47.00079307890868,8.004877748478926
2024-07-12T20:56:42.937081,4,47.00080714009275,8.004880995089039
2024-07-12T20:56:42.937081,4,47.000798770468194,8.004922000023862
2024-07-12T20:56:42.937081,4,47.00078820224358,8.004943485260489
2024-07-12T20:56:42.937081,4,47.00080556038647,8.004952458036259
2024-07-12T20:56:42.937081,4,47.00081653154238,8.00497845460877
2024-07-12T20:56:42.937081,4,47.00082471671037,8.004986043220818
2024-07-12T20:56:42.937081,4,47.000845068290026,8.00499044612204
2024-07-12T20:56:42.937081,4,47.00086795754622,8.005021248039528
2024-07-12T20:56:42.937081,4,47.00090746007723,8.005019974720557
2024-07-12T20:56:42.937081,4,47.000899841713405,8.005006155902638
2024-07-12T20:56:42.937081,4,47.000935158213714,8.005035282254882
2024-07-12T20:56:42.937081,4,47.000954988646434,8.005016921010773
2024-07-12T20:56:42.937081,4,47.00095870444076,8.004988185344164
2024-07-12T20:56:42.937081,4,47.000964304715545,8.005015228451247
2024-07-12T20:56:42.937081,4,47.00097737092852,8.004981100849562
2024-07-12T20:56:42.937081,4,47.000997043698895,8.00494776392999
2024-07-12T20:56:42.937081,4,47.00101556487999,8.004955078986477
2024-07-12T20:56:42.937081,4,47.001026793620134,8.004940769967636
2024-07-12T20:56:42.937081,4,47.00103194724374,8.004972698444437
2024-07-12T20:56:42.937081,4,47.001043206731346,8.004964927008105
2024-07-12T20:56:42.937081,4,47.00106884140877,8.004984000959194
2024-07-12T20:56:42.937081,4,47.00104820215211,8.004981735831484
2024-07-12T20:56:42.937081,4,47.00104268604657,8.004972537699544
2024-07-12T20:56:42.937081,4,47.00105298956312,8.004998540841479
2024-07-12T20:56:42.937081,4,47.00106448533923,8.005007132853995
2024-07-12T20:56:42.937081,4,47.00107264569537,8.005027144112296
2024-07-12T20:56:42.937081,4,47.00108106918693,8.00502763553651
2024-07-12T20:56:42.937081,4,47.001093757182026,8.005067928160928
2024-07-12T20:56:42.937081,4,47.001087263570334,8.005078819864776
2024-07-12T20:56:42.937081,4,47.001081130863376,8.00512080298045
2024-07-12T20:56:42.937081,4,47.00109366985859,8.005113568435362
2024-07-12T20:56:42.937081,4,47.001099314081245,8.005111116408099
2024-07-12T20:56:42.937081,4,47.00110571400388,8.00512317598303
2024-07-12T20:56:42.937081,4,47.001111136773105,8.005111147151895
2024-07-12T20:56:42.937081,4,47.001104702867394,8.005137007380307
2024-07-12T20:56:42.937081,5,47.00170381148729,8.00177253193108
2024-07-12T20:56:42.937081,5,47.001703946958834,8.001778635266207
2024-07-12T20:56:42.937081,5,47.001713093840486,8.001806595008262
2024-07-12T20:56:42.937081,5,47.001711677215255,8.001815771183061
2024-07-12T20:56:42.937081,5,47.00172559610811,8.001816780031321
2024-07-12T20:56:42.937081,5,47.00173399454036,8.001850907052045
2024-07-12T20:56:42.937081,5,47.00172354643232,8.00186126676228
2024-07-12T20:56:42.937081,5,47.00171779007713,8.001823882394172
2024-07-12T20:56:42.937081,5,47.0016969710479,8.001819054375362
2024-07-12T20:56:42.937081,5,47.0017217049415,8.001803850475998
2024-07-12T20:56:42.937081,5,47.00170475463589,8.00181769423482
2024-07-12T20:56:42.937081,5,47.00172469867132,8.001850170173963
2024-07-12T20:56:42.937081,5,47.00172442214879,8.001859653246264
2024-07-12T20:56:42.937081,5,47.00171470707266,8.00188092847464
2024-07-12T20:56:42.937081,5,47.001711905632945,8.001885608146665
2024-07-12T20:56:42.937081,5,47.001699651639235,8.001875328570707
2024-07-12T20:56:42.937081,5,47.00169845425301,8.001888512969526
2024-07-12T20:56:42.937081,5,47.001701572746164,8.001882035491887
2024-07-12T20:56:42.937081,5,47.00169626728637,8.001856257507606
2024-07-12T20:56:42.937081,5,47.00171184043064,8.001880610050975
2024-07-12T20:56:42.937081,5,47.0017336609264,8.00191376258177
2024-07-12T20:56:42.937081,5,47.00173747761111,8.001918522142754
2024-07-12T20:56:42.937081,5,47.00173496342149,8.001924612454248
2024-07-12T20:56:42.937081,5,47.00174029307758,8.001939551949937
2024-07-12T20:56:42.937081,5,47.001769688390276,8.001951303405061
2024-07-12T20:56:42.937081,5,47.00175287537307,8.001958634622817
2024-07-12T20:56:42.937081,5,47.00176690070249,8.00195711566671
2024-07-12T20:56:42.937081,5,47.00176988084002,8.001965486224886
2024-07-12T20:56:42.937081,5,47.00176576948819,8.001990372035406
2024-07-12T20:56:42.937081,5,47.0017479110674,8.00199035325396
2024-07-12T20:56:42.937081,5,47.001748478535646,8.001999601849402
2024-07-12T20:56:42.937081,5,47.00174497000201,8.001994256484343
2024-07-12T20:56:42.937081,5,47.00174409876291,8.001994784400878
2024-07-12T20:56:42.937081,5,47.00173888167885,8.00199560822216
2024-07-12T20:56:42.937081,5,47.001720109739864,8.002009376437721
2024-07-12T20:56:42.937081,5,47.00172637297907,8.002021659088792
2024-07-12T20:56:42.937081,5,47.00172651721644,8.00197341816642
2024-07-12T20:56:42.937081,5,47.001733214213225,8.001986585878322
2024-07-12T20:56:42.937081,5,47.00173269463993,8.002012577726632
2024-07-12T20:56:42.937081,5,47.00174611219816,8.002036324001535
2024-07-12T20:56:42.937081,5,47.00175171779004,8.002005333592226
2024-07-12T20:56:42.937081,5,47.00174396976793,8.001989233425142
2024-07-12T20:56:42.937081,5,47.00172519852411,8.002003020429095
2024-07-12T20:56:42.937081,5,47.001731826478476,8.002017426198298
2024-07-12T20:56:42.937081,5,47.00174293920848,8.002002833257565
2024-07-12T20:56:42.937081,5,47.00173472419218,8.00200433747769
2024-07-12T20:56:42.937081,5,47.00175281602144,8.001983409160573
2024-07-12T20:56:42.937081,5,47.00176311737565,8.001994008022864
2024-07-12T20:56:42.937081,5,47.00176354703434,8.001991141311436
2024-07-12T20:56:42.937081,5,47.001754232944535,8.00200246827471
2024-07-12T20:56:42.937081,5,47.001741007277175,8.002048250951665
2024-07-12T20:56:42.937081,5,47.00174541861677,8.002022982997666
2024-07-12T20:56:42.937081,5,47.001731363908256,8.002045119691779
2024-07-12T20:56:42.937081,5,47.00175688349388,8.002034374989574
2024-07-12T20:56:42.937081,5,47.0017437238488,8.002022959581524
2024-07-12T20:56:42.937081,5,47.00174791576434,8.002017241997047
2024-07-12T20:56:42.937081,5,47.00175829387291,8.001978500925903
2024-07-12T20:56:42.937081,5,47.00178080281064,8.001980929820729
2024-07-12T20:56:42.937081,5,47.00178722103533,8.001979416132691
2024-07-12T20:56:42.937081,5,47.001796622349985,8.001999417270975
2024-07-12T20:56:42.937081,6,47.00121059558874,8.00050162953636
2024-07-12T20:56:42.937081,6,47.001189272978586,8.000505148658075
2024-07-12T20:56:42.937081,6,47.00121028748314,8.000514151690332
2024-07-12T20:56:42.937081,6,47.00121901703279,8.00053863152033
2024-07-12T20:56:42.937081,6,47.001223507476844,8.000528829583462
2024-07-12T20:56:42.937081,6,47.00123479577288,8.000567277472978
2024-07-12T20:56:42.937081,6,47.00122995870564,8.00057944046334
2024-07-12T20:56:42.937081,6,47.00120565632732,8.000570557371999
2024-07-12T20:56:42.937081,6,47.00120609890406,8.000551882141595
2024-07-12T20:56:42.937081,6,47.0011926369397,8.000550943976593
2024-07-12T20:56:42.937081,6,47.00121785104196,8.00054400326206
2024-07-12T20:56:42.937081,6,47.00121697889611,8.00058105268459
2024-07-12T20:56:42.937081,6,47.00122557136999,8.000591937575503
2024-07-12T20:56:42.937081,6,47.00124604399147,8.000601463731114
2024-07-12T20:56:42.937081,6,47.00125189203267,8.00061541738624
2024-07-12T20:56:42.937081,6,47.00127206590364,8.000593696433981
2024-07-12T20:56:42.937081,6,47.00130367953536,8.000581173833732
2024-07-12T20:56:42.937081,6,47.00133257483995,8.000581847844142
2024-07-12T20:56:42.937081,6,47.00133900872019,8.000611279584371
2024-07-12T20:56:42.937081,6,47.00133950836712,8.000599072000842
2024-07-12T20:56:42.937081,6,47.001338412175066,8.00060168482082
2024-07-12T20:56:42.937081,6,47.00133060596912,8.00061135510767
2024-07-12T20:56:42.937081,6,47.0013434441285,8.000612362776746
2024-07-12T20:56:42.937081,6,47.00135140447857,8.000599902592215
2024-07-12T20:56:42.937081,6,47.00135790513807,8.000584354737603
2024-07-12T20:56:42.937081,6,47.00133935727573,8.000587277570617
2024-07-12T20:56:42.937081,6,47.00135536323906,8.000582582432022
2024-07-12T20:56:42.937081,6,47.001367048248014,8.000596258717605
2024-07-12T20:56:42.937081,6,47.00138451085036,8.000613973043606
2024-07-12T20:56:42.937081,6,47.00139241592641,8.00062095637165
2024-07-12T20:56:42.937081,6,47.001387200462254,8.000623620192808
2024-07-12T20:56:42.937081,6,47.00140220354943,8.00063055525886
2024-07-12T20:56:42.937081,6,47.00141779381581,8.00060643179159
2024-07-12T20:56:42.937081,6,47.001417718469746,8.00062005355579
2024-07-12T20:56:42.937081,6,47.0014365526688,8.000598455117997
2024-07-12T20:56:42.937081,6,47.00143693907065,8.000625777234871
2024-07-12T20:56:42.937081,6,47.001446678823065,8.000617030672709
2024-07-12T20:56:42.937081,6,47.001477679552295,8.000623688014738
2024-07-12T20:56:42.937081,6,47.00147573065114,8.000620190156573
2024-07-12T20:56:42.937081,6,47.00147165383513,8.000637852678178
2024-07-12T20:56:42.937081,6,47.00147292610586,8.000670001159795
2024-07-12T20:56:42.937081,6,47.00146936121395,8.0006735697005
2024-07-12T20:56:42.937081,6,47.00148530771843,8.000682038513098
2024-07-12T20:56:42.937081,6,47.00150006216342,8.000673094114122
2024-07-12T20:56:42.937081,6,47.001498281258776,8.000681960650518
2024-07-12T20:56:42.937081,6,47.00150707028856,8.000705268671943
2024-07-12T20:56:42.937081,6,47.00152745562352,8.000675455180307
2024-07-12T20:56:42.937081,6,47.00153258121233,8.000694219705268
2024-07-12T20:56:42.937081,6,47.00153228742873,8.00069961332347
2024-07-12T20:56:42.937081,6,47.00153275533929,8.000693259973083
2024-07-12T20:56:42.937081,6,47.001551613496765,8.00069859840459
2024-07-12T20:56:42.937081,6,47.00154631129024,8.000702552037822
2024-07-12T20:56:42.937081,6,47.00155490597595,8.000719022679771
2024-07-12T20:56:42.937081,6,47.00155972736117,8.000702100184872
2024-07-12T20:56:42.937081,6,47.00156353484795,8.000748728955395
2024-07-12T20:56:42.937081,6,47.00154965298236,8.00078182466187
2024-07-12T20:56:42.937081,6,47.00153919566018,8.000780041581644
2024-07-12T20:56:42.937081,6,47.00153688680116,8.00081309286807
2024-07-12T20:56:42.937081,6,47.001550165343524,8.00079190103608
2024-07-12T20:56:42.937081,6,47.00154581105709,8.00081569074273
2024-07-12T20:56:42.937081,7,47.00135766409219,8.001237944936191
2024-07-12T20:56:42.937081,7,47.00133329979431,8.001241315492313
2024-07-12T20:56:42.937081,7,47.0013334031666,8.001233109109789
2024-07-12T20:56:42.937081,7,47.00133409652329,8.001247609112001
2024-07-12T20:56:42.937081,7,47.00132179937912,8.001227281877622
2024-07-12T20:56:42.937081,7,47.001308341691576,8.001238335746468
2024-07-12T20:56:42.937081,7,47.00130490313071,8.001228108106034
2024-07-12T20:56:42.937081,7,47.00127553255508,8.001214927328467
2024-07-12T20:56:42.937081,7,47.001270992637764,8.001221026014372
2024-07-12T20:56:42.937081,7,47.00128841445792,8.00124223621155
2024-07-12T20:56:42.937081,7,47.00127675189881,8.001216446184715
2024-07-12T20:56:42.937081,7,47.00129997834951,8.001208517596273
2024-07-12T20:56:42.937081,7,47.00126682947018,8.001189727240847
2024-07-12T20:56:42.937081,7,47.00129292081933,8.001214482744416
2024-07-12T20:56:42.937081,7,47.00130552093263,8.00122866892254
2024-07-12T20:56:42.937081,7,47.001328236877434,8.00121916354086
2024-07-12T20:56:42.937081,7,47.00133685380517,8.001233998579549
2024-07-12T20:56:42.937081,7,47.00136237995212,8.001243777460262
2024-07-12T20:56:42.937081,7,47.00137569475478,8.001264646078697
2024-07-12T20:56:42.937081,7,47.00138682379074,8.001258792150205
2024-07-12T20:56:42.937081,7,47.001411845956795,8.001286492980071
2024-07-12T20:56:42.937081,7,47.00140277744835,8.001278071086514
2024-07-12T20:56:42.937081,7,47.00140479239065,8.001293473712881
2024-07-12T20:56:42.937081,7,47.001423187440594,8.001277409552944
2024-07-12T20:56:42.937081,7,47.00143008501621,8.001256305144091
2024-07-12T20:56:42.937081,7,47.00143065158097,8.0013191849398
2024-07-12T20:56:42.937081,7,47.00143865985047,8.001331961464189
2024-07-12T20:56:42.937081,7,47.00145646034667,8.001311174115045
2024-07-12T20:56:42.937081,7,47.00145783218823,8.001309938668104
2024-07-12T20:56:42.937081,7,47.001452869851896,8.001337846563613
2024-07-12T20:56:42.937081,7,47.00144856538567,8.001321003411753
2024-07-12T20:56:42.937081,7,47.001445506814164,8.00133534294389
2024-07-12T20:56:42.937081,7,47.00144633077689,8.001357607353745
2024-07-12T20:56:42.937081,7,47.00145267608267,8.001344779802047
2024-07-12T20:56:42.937081,7,47.001466393586,8.001341558694554
2024-07-12T20:56:42.937081,7,47.001455926931264,8.001348687673257
2024-07-12T20:56:42.937081,7,47.00147598586313,8.001315447245531
2024-07-12T20:56:42.937081,7,47.0014816510651,8.001337526085658
2024-07-12T20:56:42.937081,7,47.00146957245019,8.00131325836843
2024-07-12T20:56:42.937081,7,47.00148183664792,8.001299353321462
2024-07-12T20:56:42.937081,7,47.001474013261934,8.001313518272807
2024-07-12T20:56:42.937081,7,47.00147190321865,8.001312864285394
2024-07-12T20:56:42.937081,7,47.00147943645674,8.00130713835737
2024-07-12T20:56:42.937081,7,47.00147018280898,8.001321896471731
2024-07-12T20:56:42.937081,7,47.00145907055818,8.001325389845615
2024-07-12T20:56:42.937081,7,47.00145646176816,8.001330599271265
2024-07-12T20:56:42.937081,7,47.001447332393695,8.001330284265
2024-07-12T20:56:42.937081,7,47.00145450824237,8.001342639008046
2024-07-12T20:56:42.937081,7,47.001459435628476,8.00133959592885
2024-07-12T20:56:42.937081,7,47.00146737195781,8.001332341131638
2024-07-12T20:56:42.937081,7,47.00147063531347,8.001316741578751
2024-07-12T20:56:42.937081,7,47.001506132581426,8.001328224457103
2024-07-12T20:56:42.937081,7,47.001498292566694,8.001278909189416
2024-07-12T20:56:42.937081,7,47.00150646342389,8.001259816791551
2024-07-12T20:56:42.937081,7,47.00151226989532,8.001223806270687
2024-07-12T20:56:42.937081,7,47.00152783852361,8.00120481400924
2024-07-12T20:56:42.937081,7,47.00154670239147,8.00117970238328
2024-07-12T20:56:42.937081,7,47.001554235289234,8.00117194916934
2024-07-12T20:56:42.937081,7,47.00155161999974,8.001187973361576
2024-07-12T20:56:42.937081,7,47.00156301277983,8.001176918859503
2024-07-12T20:56:42.937081,8,47.001303639277616,8.0040013621223
2024-07-12T20:56:42.937081,8,47.0013199488739,8.004023274970264
2024-07-12T20:56:42.937081,8,47.0013205166154,8.003992594181529
2024-07-12T20:56:42.937081,8,47.00133633846113,8.004007572060724
2024-07-12T20:56:42.937081,8,47.00134466443867,8.003993557744556
2024-07-12T20:56:42.937081,8,47.001326681847466,8.003991044844879
2024-07-12T20:56:42.937081,8,47.001320544377826,8.003980103325285
2024-07-12T20:56:42.937081,8,47.001337980833256,8.003954973520004
2024-07-12T20:56:42.937081,8,47.001343258911156,8.003943695959997
2024-07-12T20:56:42.937081,8,47.00137081102513,8.00397489895857
2024-07-12T20:56:42.937081,8,47.0013828062393,8.003981644279557
2024-07-12T20:56:42.937081,8,47.00141484548698,8.003966901957199
2024-07-12T20:56:42.937081,8,47.00140090858765,8.003986963081017
2024-07-12T20:56:42.937081,8,47.00140943435749,8.00392498026471
2024-07-12T20:56:42.937081,8,47.001426780174846,8.003923600569287
2024-07-12T20:56:42.937081,8,47.00142477879764,8.00389985302921
2024-07-12T20:56:42.937081,8,47.001456273933734,8.003874255182195
2024-07-12T20:56:42.937081,8,47.001493291003825,8.003898592886225
2024-07-12T20:56:42.937081,8,47.001499150195905,8.00389194300586
2024-07-12T20:56:42.937081,8,47.00151588886599,8.003896475391054
2024-07-12T20:56:42.937081,8,47.00152917982107,8.003883430053584
2024-07-12T20:56:42.937081,8,47.001534359885525,8.003919488197312
2024-07-12T20:56:42.937081,8,47.00155715912884,8.003943158128735
2024-07-12T20:56:42.937081,8,47.001560359741845,8.003963941041505
2024-07-12T20:56:42.937081,8,47.00158149536948,8.003986995696975
2024-07-12T20:56:42.937081,8,47.00159606916708,8.003975735770211
2024-07-12T20:56:42.937081,8,47.00158530504425,8.00394907866994
2024-07-12T20:56:42.937081,8,47.00159245772744,8.003935714323424
2024-07-12T20:56:42.937081,8,47.00160583546066,8.00392053212983
2024-07-12T20:56:42.937081,8,47.001584437105684,8.003942946671119
2024-07-12T20:56:42.937081,8,47.001580178463044,8.00394015640231
2024-07-12T20:56:42.937081,8,47.00158155441156,8.003967299645446
2024-07-12T20:56:42.937081,8,47.00158804358329,8.00400631628617
2024-07-12T20:56:42.937081,8,47.001566469416844,8.004000858282893
2024-07-12T20:56:42.937081,8,47.0015593763534,8.004036239955703
2024-07-12T20:56:42.937081,8,47.001551828037286,8.00400410969317
2024-07-12T20:56:42.937081,8,47.0015809702377,8.003980037611532
2024-07-12T20:56:42.937081,8,47.00158675233902,8.00400927782492
2024-07-12T20:56:42.937081,8,47.00160331253814,8.004021800696046
2024-07-12T20:56:42.937081,8,47.0015891047514,8.004016053347879
2024-07-12T20:56:42.937081,8,47.001585036501226,8.004000905651983
2024-07-12T20:56:42.937081,8,47.00157366607276,8.004010316459476
2024-07-12T20:56:42.937081,8,47.00158027174595,8.004011873607835
2024-07-12T20:56:42.937081,8,47.001572587676904,8.004011678300104
2024-07-12T20:56:42.937081,8,47.001574759919485,8.004013597654957
2024-07-12T20:56:42.937081,8,47.00157629846214,8.004031227980157
2024-07-12T20:56:42.937081,8,47.00158433537367,8.00402050257637
2024-07-12T20:56:42.937081,8,47.00158521233684,8.004038406686051
2024-07-12T20:56:42.937081,8,47.00156957441846,8.004053346010746
2024-07-12T20:56:42.937081,8,47.00157658733447,8.004053925794366
2024-07-12T20:56:42.937081,8,47.00157988087411,8.004078619938634
2024-07-12T20:56:42.937081,8,47.00156172636743,8.004096032456921
2024-07-12T20:56:42.937081,8,47.001559145677334,8.0040846284665
2024-07-12T20:56:42.937081,8,47.00156211331197,8.00408642721564
2024-07-12T20:56:42.937081,8,47.0015795305918,8.004098610701742
2024-07-12T20:56:42.937081,8,47.00157472841761,8.00406578284459
2024-07-12T20:56:42.937081,8,47.00156719343215,8.004094640868283
2024-07-12T20:56:42.937081,8,47.001573473264735,8.004086761032072
2024-07-12T20:56:42.937081,8,47.00156059359292,8.00408821962104
2024-07-12T20:56:42.937081,8,47.00157647305808,8.004120916665995
2024-07-12T20:56:42.937081,9,47.001080408109836,8.004499243345862
2024-07-12T20:56:42.937081,9,47.00109381998909,8.004483167680432
2024-07-12T20:56:42.937081,9,47.00112832979592,8.00446638186964
2024-07-12T20:56:42.937081,9,47.00114213910507,8.004485062676194
2024-07-12T20:56:42.937081,9,47.00114973347456,8.004497905841811
2024-07-12T20:56:42.937081,9,47.00112676867558,8.004499964018319
2024-07-12T20:56:42.937081,9,47.00113918936118,8.004481546148108
2024-07-12T20:56:42.937081,9,47.00114545221548,8.00453044721528
2024-07-12T20:56:42.937081,9,47.00113063988909,8.004490130498652
2024-07-12T20:56:42.937081,9,47.0011190195467,8.00448513376675
2024-07-12T20:56:42.937081,9,47.001117130541594,8.00450958528763
2024-07-12T20:56:42.937081,9,47.001147276367455,8.004500602055922
2024-07-12T20:56:42.937081,9,47.00117322843644,8.004475777478095
2024-07-12T20:56:42.937081,9,47.001190880760326,8.004519479597162
2024-07-12T20:56:42.937081,9,47.0011858001383,8.004501817783277
2024-07-12T20:56:42.937081,9,47.0011999462944,8.004508038472403
2024-07-12T20:56:42.937081,9,47.00120565170655,8.004539799786345
2024-07-12T20:56:42.937081,9,47.00122025876182,8.004540204628277
2024-07-12T20:56:42.937081,9,47.00122455628377,8.004542262368886
2024-07-12T20:56:42.937081,9,47.00121501200159,8.004556964032348
2024-07-12T20:56:42.937081,9,47.001212417812155,8.004562468401128
2024-07-12T20:56:42.937081,9,47.00120609713859,8.004563571639132
2024-07-12T20:56:42.937081,9,47.00123027745651,8.004528133989586
2024-07-12T20:56:42.937081,9,47.00124007657347,8.004524173852062
2024-07-12T20:56:42.937081,9,47.0012257483002,8.004550090288252
2024-07-12T20:56:42.937081,9,47.00122210160561,8.004545391263603
2024-07-12T20:56:42.937081,9,47.00122674109632,8.004526329426973
2024-07-12T20:56:42.937081,9,47.00121038472337,8.004535772717803
2024-07-12T20:56:42.937081,9,47.00118982593634,8.004588114828877
2024-07-12T20:56:42.937081,9,47.001207287264954,8.004584722102093
2024-07-12T20:56:42.937081,9,47.00123360440347,8.00457050036711
2024-07-12T20:56:42.937081,9,47.00122743467603,8.004572698116856
2024-07-12T20:56:42.937081,9,47.00125657567152,8.004544567571036
2024-07-12T20:56:42.937081,9,47.001259289709694,8.0045383247647
2024-07-12T20:56:42.937081,9,47.001262463726704,8.00455886924087
2024-07-12T20:56:42.937081,9,47.00125748639739,8.004549535754178
2024-07-12T20:56:42.937081,9,47.001249327746464,8.004553904358708
2024-07-12T20:56:42.937081,9,47.00127397226856,8.004617983444671
2024-07-12T20:56:42.937081,9,47.00128152753294,8.004632706477432
2024-07-12T20:56:42.937081,9,47.00128391165334,8.00464610895799
2024-07-12T20:56:42.937081,9,47.001295065532695,8.004679557233725
2024-07-12T20:56:42.937081,9,47.001325300977214,8.004710148524243
2024-07-12T20:56:42.937081,9,47.00133521466187,8.00468207064504
2024-07-12T20:56:42.937081,9,47.001318687215246,8.004686799917165
2024-07-12T20:56:42.937081,9,47.00132479282429,8.004687327125497
2024-07-12T20:56:42.937081,9,47.001311345287455,8.004711792695177
2024-07-12T20:56:42.937081,9,47.00131587330844,8.004712118937928
2024-07-12T20:56:42.937081,9,47.0013512024339,8.004740229117871
2024-07-12T20:56:42.937081,9,47.00136190547523,8.004735517579876
2024-07-12T20:56:42.937081,9,47.001366862612954,8.004746920420933
2024-07-12T20:56:42.937081,9,47.00135909586615,8.004769274919246
2024-07-12T20:56:42.937081,9,47.00135489166856,8.00474084698453
2024-07-12T20:56:42.937081,9,47.00135511309319,8.004767841129212
2024-07-12T20:56:42.937081,9,47.00135238068062,8.004770639494348
2024-07-12T20:56:42.937081,9,47.00136048113064,8.004747669451124
2024-07-12T20:56:42.937081,9,47.00135597766023,8.004749977687734
2024-07-12T20:56:42.937081,9,47.00135943815472,8.004713139052775
2024-07-12T20:56:42.937081,9,47.00137456570104,8.004708273692115
2024-07-12T20:56:42.937081,9,47.00135189817979,8.004722465899507
2024-07-12T20:56:42.937081,9,47.001351410776934,8.004738810060816
